{
    "train_total_loss": [
        1.1993309966810457,
        1.1132073489737597,
        1.0468728730093428,
        1.0050579108598032,
        0.9840788347817166,
        0.9606499239638612,
        0.9183364285654201,
        0.8839812551662599,
        0.8702980563754127,
        0.8406052340517988,
        0.8322406256155217,
        0.7902393734062111,
        0.7635454328068884,
        0.7670901574931301,
        0.7375177094787905,
        0.760999878902575,
        0.7105231979391077,
        0.709636424487327,
        0.7236068536947061,
        0.6742649471366798,
        0.6298704221571758,
        0.6564163070021968,
        0.663855818820087,
        0.6165231287261068,
        0.6052268481516576,
        0.5962653260527949,
        0.5712062653167781,
        0.5896049999928736,
        0.5975244761386633,
        0.5829773200300586,
        0.5526448112704379,
        0.5659323769174652,
        0.5323312455044561,
        0.5126752004081949,
        0.5197549604234242,
        0.49212039772407473,
        0.4804448368566813,
        0.4904133935114403
    ],
    "train_seg_loss": [
        0.670718849796952,
        0.6055159175788963,
        0.5696179475976434,
        0.5553672695771242,
        0.5383962405906929,
        0.5326816548794617,
        0.5144443324197343,
        0.5017528747900938,
        0.4930630040256095,
        0.47869759295886255,
        0.4732705369973794,
        0.45723468894923563,
        0.4504172816163018,
        0.4459962988947774,
        0.42756976138104447,
        0.4286892445751162,
        0.4175702876005417,
        0.4069077579966395,
        0.40747728921991566,
        0.39282500951281396,
        0.3808433130765573,
        0.3807783336429806,
        0.3785131447044484,
        0.37278562751445143,
        0.3662094015341539,
        0.36202837172008695,
        0.36214543196744536,
        0.3587357977152744,
        0.3527287578844762,
        0.35234247268119573,
        0.3480429821835333,
        0.3404954044155149,
        0.33652228793818434,
        0.3323751738219907,
        0.3309080646588252,
        0.32587581654608033,
        0.32425146176046504,
        0.3206360782240773
    ],
    "train_cls_loss": [
        1.0572243068681095,
        1.015382863226391,
        0.9545098479850825,
        0.8993812810370337,
        0.8913651706971528,
        0.8559365357671466,
        0.8077841802831098,
        0.7644567624989883,
        0.7544701186728565,
        0.723815285897517,
        0.7179401795833539,
        0.66600937633724,
        0.626256294302888,
        0.6421877031142895,
        0.61989589597716,
        0.6646212738948863,
        0.585905828100421,
        0.6054573331997072,
        0.6322591328795576,
        0.5628798732827435,
        0.4980542181612371,
        0.5512759462817685,
        0.5706853450108798,
        0.48747499958499446,
        0.47803488832253677,
        0.46847390811958595,
        0.4181216742311205,
        0.4617383992060637,
        0.48959143869169464,
        0.4612696932785677,
        0.4092036557175738,
        0.4508739477330512,
        0.39161790978340877,
        0.3606000534316777,
        0.3776937955137574,
        0.33248915798934825,
        0.3123867494828535,
        0.33955463232138217
    ],
    "train_dice": [
        0.1642612853657195,
        0.32987256200758963,
        0.4064684508047698,
        0.4263879112053267,
        0.4340861698428353,
        0.45770558158119956,
        0.4616568791833553,
        0.5178473101649093,
        0.5066559571267921,
        0.5281610738335948,
        0.5158015072564066,
        0.5482773635631952,
        0.5668060408407078,
        0.5371690582443069,
        0.5857682749901936,
        0.5597096941409967,
        0.5802495828914992,
        0.6037016135432345,
        0.5863136708081423,
        0.6058922792092348,
        0.6311488650438987,
        0.6175822840505467,
        0.619581903511788,
        0.6302670445634332,
        0.6333885115363223,
        0.6352960054691021,
        0.6364255674156077,
        0.6379025076335166,
        0.644393537070725,
        0.6332897720756111,
        0.6488282685423945,
        0.6517226462399129,
        0.6673441937554887,
        0.6590273428312589,
        0.673836621609363,
        0.6766591399580568,
        0.6853550375599564,
        0.673858221633967
    ],
    "train_iou": [
        0.1170503447180266,
        0.2453660317611345,
        0.3078513258979434,
        0.32948759230938585,
        0.33768838491195285,
        0.3621879338999808,
        0.36540874598663803,
        0.42371813237885414,
        0.4085632344851127,
        0.4331876574827856,
        0.4200407074484633,
        0.4531540623951308,
        0.47373898300059114,
        0.44078178982158284,
        0.4927300117609702,
        0.46562412010007725,
        0.487840602904449,
        0.5133736123750497,
        0.49776936996550786,
        0.5139228712508094,
        0.5420410297947489,
        0.5275583934216272,
        0.5314257280293838,
        0.5431302958355718,
        0.5435077578593523,
        0.5494454690824935,
        0.5503194803719992,
        0.549184840131592,
        0.5594107032695532,
        0.5475537957070948,
        0.5639630907621139,
        0.56659895945818,
        0.5851311482789315,
        0.5753493259077543,
        0.5888095316869435,
        0.5953902335830661,
        0.5991621515253088,
        0.5933330120184482
    ],
    "train_accuracy": [
        0.5201465201465202,
        0.5567765567765568,
        0.5732600732600732,
        0.6153846153846154,
        0.6025641025641025,
        0.6446886446886447,
        0.6135531135531136,
        0.6446886446886447,
        0.6593406593406593,
        0.6941391941391941,
        0.6703296703296703,
        0.7216117216117216,
        0.7271062271062271,
        0.7289377289377289,
        0.7435897435897436,
        0.717948717948718,
        0.7509157509157509,
        0.7417582417582418,
        0.7380952380952381,
        0.7728937728937729,
        0.7948717948717948,
        0.7545787545787546,
        0.76007326007326,
        0.7893772893772893,
        0.7893772893772893,
        0.793040293040293,
        0.836996336996337,
        0.8113553113553114,
        0.793040293040293,
        0.7985347985347986,
        0.8278388278388278,
        0.8278388278388278,
        0.8498168498168498,
        0.8644688644688645,
        0.8278388278388278,
        0.8663003663003663,
        0.8717948717948718,
        0.8626373626373627
    ],
    "train_f1_macro": [
        0.44590545700550965,
        0.4981195156040284,
        0.5354245533155344,
        0.5837706998530917,
        0.5654722581131896,
        0.6076791587471306,
        0.5977585585413158,
        0.6264896121826954,
        0.638335601796633,
        0.6756179271007435,
        0.6438149639715197,
        0.7027021845199108,
        0.7168734983951811,
        0.709482239793558,
        0.7199292893679732,
        0.6972132903481415,
        0.735667706056201,
        0.7274247587084696,
        0.7190836730731897,
        0.7641819503757907,
        0.7821264367816093,
        0.7426756575476192,
        0.7469321797506981,
        0.7783705365019742,
        0.7764335125842835,
        0.7832555962616539,
        0.8305498189219119,
        0.7991443250244431,
        0.7838168121186989,
        0.7865101990822495,
        0.8177654978029851,
        0.8175924457833448,
        0.8362336658288546,
        0.8579773646657437,
        0.8195437059998452,
        0.8603511939685924,
        0.8724056861368862,
        0.8547332911659288
    ],