{
    "train_loss": [
        0.3417718144126864,
        0.341638812652001,
        0.3421759313388622,
        0.33921495118202305,
        0.3374829357251143,
        0.34043918080600627,
        0.3382029727701739,
        0.3354118689075931,
        0.33673808862874793,
        0.3372821775111523,
        0.3350521660113073,
        0.3352124354778192,
        0.3343129263911055,
        0.33343349140642325,
        0.3327851903525901,
        0.33270896147022316,
        0.3336630793281527,
        0.33348184491033517,
        0.33502445017898475
    ],
    "train_dice": [
        0.720603726940714,
        0.7252646727221352,
        0.7324931243837098,
        0.7354365095987425,
        0.7333452723401807,
        0.7095992707070851,
        0.7131760515572824,
        0.7474641548844921,
        0.740509379477728,
        0.7397993951490074,
        0.7388302720946707,
        0.731710998239098,
        0.75149084403838,
        0.7543234852425781,
        0.7421791232549227,
        0.7304841758130671,
        0.7479642356708373,
        0.7418677012125651,
        0.7193822876001016
    ],
    "train_iou": [
        0.6393535689556555,
        0.6441238883869115,
        0.6516949925230536,
        0.6557175680831239,
        0.6538854660568657,
        0.628789049801809,
        0.6345715872097365,
        0.6674457784100767,
        0.6603331303858495,
        0.6595800215508039,
        0.6578976902769599,
        0.6505015537197336,
        0.6732978803334219,
        0.6760603268067915,
        0.6613993415465722,
        0.649164657453041,
        0.6681915038562083,
        0.6626791045779273,
        0.6393007601137126
    ],
    "train_precision": [
        0.7051521262406429,
        0.7132467594775524,
        0.7213226032781077,
        0.7229370239016774,
        0.7184701411278693,
        0.6969595970688286,
        0.7012405094209608,
        0.7330225186470227,
        0.7269835729738732,
        0.7263958109167469,
        0.7248137981900366,
        0.7164973955014686,
        0.7422798330530579,
        0.746429979692012,
        0.7315835732243436,
        0.713454564630767,
        0.732434766796919,
        0.7315189117913717,
        0.7040118350214137
    ],
    "train_recall": [
        0.7918313191487238,
        0.7856219311555227,
        0.7938215016445398,
        0.7957586495430915,
        0.791882166932354,
        0.7692130939427749,
        0.7717466005038865,
        0.807263725624853,
        0.7962385145299163,
        0.8001794022518199,
        0.7988743530961621,
        0.791340769865574,
        0.8077981380315927,
        0.809170262717502,
        0.7950665487911238,
        0.79006062125985,
        0.802946748314323,
        0.7934973973494309,
        0.7794926902313373
    ],
    "val_loss": [
        0.37652166124083036,
        0.3726480007171631,
        0.37197227355761403,
        0.3700993264842237,
        0.3708289168838762,
        0.37058594287970126,
        0.37245024447767144,
        0.3716853255899543,
        0.37053279464061445,
        0.371656675878753,
        0.3696639581113799,
        0.37087837141803187,
        0.3713987365237668,
        0.37251242995262146,
        0.3707403033717066,
        0.3695188972175631,
        0.3695289742233407,
        0.36919267921366244,
        0.36993013920947015
    ],
    "val_dice": [
        0.6411332671458905,
        0.6747118280484126,
        0.6676937122630258,
        0.6781158854818752,
        0.6763096548553206,
        0.6690212070432484,
        0.648130275754847,
        0.6660616209364345,
        0.6856723626454672,
        0.67675044037338,
        0.6784727023198054,
        0.6596215173729465,
        0.6676364948606899,
        0.6569979129693447,
        0.6777289744116303,
        0.6781011427569593,
        0.676978210098723,
        0.6787113577891619,
        0.6695199058606074
    ],
    "val_iou": [
        0.5496921447607187,
        0.5869327319992913,
        0.5805074037649692,
        0.5921500967099116,
        0.5892309999873495,
        0.5828381792092935,
        0.558913392898364,
        0.5780514728309761,
        0.5997475421326792,
        0.589293369370648,
        0.5913715759913126,
        0.5717705946702224,
        0.579162900773888,
        0.5678645555789654,
        0.5910179742381104,
        0.5938243815022656,
        0.5905013848573734,
        0.592304349455059,
        0.5822333214629409
    ],
    "val_precision": [
        0.6441465947363112,
        0.688801281981998,
        0.6836879110743856,
        0.6994294075884371,
        0.692657751405341,
        0.6934483356964893,
        0.6525603700906802,
        0.6737896025690258,
        0.7028261789908776,
        0.6858742603888879,
        0.6881993902035248,
        0.6750664889303029,
        0.6681530139385126,
        0.6562311384412978,
        0.6911691513835875,
        0.7071286037436917,
        0.6932107449596764,
        0.693832600218618,
        0.6795652727795463
    ],
    "val_recall": [
        0.7134827395789644,
        0.7256246922362564,
        0.7142263431834359,
        0.7161460758274437,
        0.7256539290786809,
        0.7124154318092216,
        0.7112402880293691,
        0.7206822628648872,
        0.7275825209087796,
        0.7267573363760598,
        0.7279625422934182,
        0.7119500738942725,
        0.7254028045214139,
        0.7170311808586121,
        0.7238239997472519,
        0.7116445674855485,
        0.7223042433078473,
        0.7224048442310758,
        0.7183354074119502
    ],
    "lr": [
        6.25e-06,
        3.125e-06,
        3.125e-06,
        3.125e-06,
        3.125e-06,
        1.5625e-06,
        1.5625e-06,
        1.5625e-06,
        1.5625e-06,
        1.5625e-06,
        1.5625e-06,
        1.5625e-06,
        7.8125e-07,
        7.8125e-07,
        7.8125e-07,
        7.8125e-07,
        3.90625e-07,
        3.90625e-07,
        3.90625e-07
    ]
}